STATION,LAT,LON,ALTITUDE,TEMP,MAXTEMP,MINTEMP,CLOUD,RAIN
Aach,47.8413,8.8493,478,8.2,13.1,3.5,,755
Aachen,50.7827,6.0941,202,9.8,NULL,6.3,67,820
Großenkneten,52.9335,8.237,44,9.2,13.2,5.4,67,759
Albstadt-Badkap,48.2156,8.9784,759,7.4,12.2,3.3,66,919
Aldersbach-Kriestorf,48.6159,13.0506,340,8.4,13.4,3.9,65,790
Alfhausen,52.4853,7.9126,65,9.3,13.4,5.2,67,794
Alsfeld-Eifa,50.7446,9.345,300,8.2,12.7,4.1,72,657
Altglashütte,49.7725,12.3891,750,5.7,9.2,2.7,64,915
Altomünster-Maisbrunn,48.406,11.3117,510,8,13,3.7,66,862
Alzey,49.7273,8.1164,215,9.5,13.8,5.3,65,526
Amberg-Unterammersricht,49.4691,11.8546,383,7.9,12.5,3.6,66,690
Angermünde,53.0316,13.9907,54,8.4,12.9,4.3,68,531
Anklam,53.8412,13.6846,9,8.1,13.1,5.1,62,553
Annaberg-Buchholz,50.573,13.0053,630,6.4,10.6,2.9,66,902
Ansbach,49.2964,10.5751,413,7.5,12.2,3.3,65,681
Arkona,54.6792,13.4343,42,8.2,10.6,6,66,543
Arnis,54.6289,9.9294,3,8,11.7,5.1,63,726
Arnsberg,51.3773,8.0713,218,8.6,12.9,4.5,69,965
Arnstein-Müdesheim,49.9695,9.9113,220,9.4,14.7,4.4,64,636
Arolsen-Neu Berich,51.3845,9.082,232,8.2,12.1,3.6,70,700
Artern,51.3745,11.292,164,9,13.4,5,69,478
Aschaffenburg,49.9778,9.1114,110,8.9,14,4.3,63,670
Attenkam,47.8774,11.3642,672,7.8,12.7,3.5,63,1089
Aue,50.5907,12.714,387,8.1,13.2,4.3,69,803
Augsburg (Sankt Stephan),48.3723,10.8948,490,8.1,12.5,4.2,61,822
Augsburg,48.4254,10.942,461,8.3,12.9,4,67,785
Aurich,53.4621,7.467,4,8.5,12.4,4.9,72,832
Baden-Baden-Geroldsau,48.727,8.2458,240,9.6,14.3,5.4,65,1151
Müllheim,47.8064,7.6387,273,9.7,14,5.9,63,954
Bamberg,49.8742,10.9206,240,8.9,13.8,4.2,68,638
Bamberg (Sternwarte),49.88,10.88,282,8.3,13.2,4.1,68,639
Barth,54.3406,12.7108,3,8.2,11.8,4.8,67,625
Kubschütz. Kr. Bautzen,51.1605,14.5037,232,8.7,12.7,4.9,70,633
Heinersreuth-Vollhof,49.9667,11.5197,350,7.8,12.8,3.4,67,685
Bederkesa,53.6234,8.8323,27,8.5,12.2,5.1,67,903
Beerfelden,49.5617,8.9673,450,8.3,12.2,4.9,72,1061
Bensheim,49.6789,8.6276,140,10.1,14.5,6,63,794
Bergzabern. Bad,49.107,7.9967,252,10.1,14.2,6.1,62,788
Berleburg. Bad-Stünzel,50.9837,8.3679,610,6.9,10.3,3.6,71,1066
Berlin-Buch,52.6309,13.5022,60,9.1,13.5,5.4,67,578
Berlin-Dahlem (LFAG),52.4564,13.2997,55,8.9,12.8,5,66,587
Berlin-Dahlem (FU),52.4537,13.3017,51,9,13.3,5.2,65,592
Berlin-Schönefeld,52.3807,13.5306,46,9.1,13.6,4.9,66,522
Berlin-Tegel,52.5644,13.3088,36,9.7,13.5,5.8,66,549
Berlin-Tempelhof,52.4675,13.4021,48,9.6,13.4,5.8,66,578
Berlin-Zehlendorf,52.4289,13.2327,45,9.3,13.4,5.5,66,606
Bernburg/Saale (Nord),51.8218,11.7109,84,9,13.3,4.8,66,469
Bernkastel-Kues,49.9186,7.0664,120,10.2,14.6,6.1,70,687
Berus,49.264,6.6868,363,9.2,13,5.6,65,778
Warthausen-Birkenhard,48.1252,9.7639,599,7.6,11.8,3.5,70,787
Biedenkopf-Wallau,50.9275,8.4935,296,8,12.8,3.6,69,850
Bischbrunn,49.8747,9.4883,412,7.9,12.1,4.3,65,959
Bitterfeld,51.6333,12.3167,80,9.3,13.8,5.7,65,520
Blankenburg. Bad,50.6738,11.2805,254,7.7,13.3,3.7,0,577
Blankenrath,50.0372,7.3079,417,8.2,12.1,4.3,70,763
Bocholt-Liedern (Wasserwerk),51.8293,6.5365,23,9.6,13.6,5.6,69,721
Bochum,51.4789,7.2697,101,10.3,13.9,6.7,66,798
Boizenburg,53.3911,10.6878,45,8.7,12.9,5.1,68,656
Boltenhagen,54.0028,11.1908,15,8.7,11.8,5.6,66,580
Bonn-Friesdorf,50.7055,7.1467,62,9.9,14.1,6,71,659
Borgentreich-Bühne,51.5709,9.312,240,8.6,12.5,4.5,71,714
Borkum-Süderstraße,53.5788,6.6703,12,9,11.4,6.8,66,735
Brande-Hörnerkirchen,53.8551,9.7152,9,8.5,12.6,4.7,72,883
Brandenburg-Görden,52.4136,12.5503,35,8.7,13.1,4.7,66,550
Braunlage,51.7234,10.6021,607,6.2,9.8,2.8,70,1236
Braunschweig (T.H.),52.2708,10.5334,75,8.9,13,5.3,64,653
Braunschweig,52.2914,10.4465,81,9.3,13.1,5.5,67,622
Bremen,53.045,8.7979,4,9,12.8,5.2,67,674
Bremerhaven,53.5332,8.5761,7,9.2,12.3,6.2,68,736
Bremervörde (A),53.4779,9.1553,5,8.2,12.3,4.2,68,758
Eschbach,47.8858,7.6611,234,10.6,15.3,6.2,64,697
Bretten,49.025,8.6991,181,9.2,14.6,5,67,780
Brilon,51.3873,8.5737,443,7.4,11.2,3.9,68,1066
Brocken,51.7986,10.6183,1134,2.9,5.6,0.4,79,1626
Brombachtal-Kirch-Brombach,49.7345,8.9557,290,8.7,13.1,4.5,74,870
Brotterode,50.8282,10.454,600,5.9,10.2,1.6,69,1066
Brücken,49.6303,7.1148,390,7.5,12.1,3.1,68,913
Buchen. Kr. Neckar-Odenwald,49.5182,9.3213,340,8.1,12.8,3.6,67,766
Bückeburg,52.2817,9.0889,68,10.2,13.6,6.2,68,678
Bühlertal,48.6957,8.1744,190,9.5,14.8,6,65,1223
Schlüsselfeld (Kläranlage),49.745,10.6434,290,8.3,13.2,3.7,63,698
Burgwald-Bottendorf,51.0306,8.8146,293,7.9,12.5,3.6,70,720
Celle (Stadt),52.6146,10.0726,38,8.7,12.8,4.3,68,699
Celle,52.5959,10.0296,39,9.9,13.4,5.5,69,655
Pemfling-Pitzling,49.2504,12.604,389,7.9,12.2,3.9,67,696
Chemnitz,50.7913,12.872,418,8.1,12.2,4.3,67,741
Clausthal-Zellerfeld,51.7904,10.347,585,6.2,9.4,2.9,69,1318
Lautertal-Oberlauter,50.3067,10.968,344,8,12.6,3.8,67,695
Cottbus,51.776,14.3168,69,8.9,13.2,4.7,65,571
Crailsheim-Alexandersreut,49.0985,10.0979,423,8.3,12.8,4,67,798
Crimmitschau,50.8149,12.3821,269,8,12.3,3.8,61,612
Cuxhaven,53.8713,8.7058,5,9.1,12,6.5,68,810
Darmstadt-Botanischer Garten,49.8697,8.6796,169,9.3,13.7,5.2,62,702
Dessau,51.8512,12.2515,60,8.9,13.3,4.6,0,536
Deuselbach,49.7619,7.0541,480,7.8,12.1,4.6,70,760
Diepholz,52.5881,8.3424,39,9.3,13.2,5,63,688
Diesbar-Seußlitz,51.2401,13.4166,100,8.8,13.4,4.5,67,562
Dillenburg,50.7364,8.2672,314,8.5,13.3,3.8,72,797
Dillingen/Donau,48.5701,10.4985,420,8.4,13.2,4.2,65,746
Dippoldiswalde-Reinberg,50.9117,13.7087,365,7.8,12.3,3.5,67,768
Doberlug-Kirchhain,51.6451,13.5747,97,8.9,13.6,4.5,67,564
Donaueschingen,47.9422,8.5046,677,6.7,11.6,1.8,65,774
Dortmund,51.512,7.5345,120,9.5,13.4,5.8,69,802
Dresden (Mitte),51.0557,13.7274,112,9.5,12.8,5.5,66,653
Dresden-Klotzsche,51.128,13.7543,227,8.9,13,5.3,68,648
Dresden-Hosterwitz,51.0221,13.847,114,9.4,14.1,5.2,68,651
Dresden-Strehlen,51.024,13.7737,119,9.3,14,5.2,65,643
Dürkheim. Bad,49.4719,8.1929,107,10.3,14.7,5.7,62,543
Dürkheim. Bad (Saline),49.4686,8.1797,115,10.1,15.6,6.1,66,564
Dürrenberg. Bad,51.3043,12.081,103,8.5,13.2,5,63,500
Düsseldorf,51.296,6.7686,37,10.6,14.7,6.5,65,745
Düsseldorf-Südfriedhof,51.1998,6.7574,37,10.4,14.3,6.5,65,740
Duisburg-Laar,51.4634,6.7321,21,10.7,14.5,7.1,69,812
Eberbach (LUBW),49.46,8.9584,131,9.3,14.4,5.1,70,1010
Ebersberg-Halbing,48.1002,11.9872,592,8.3,12.9,4.4,62,1039
Ebrach,49.852,10.499,346,8.1,13,3.5,65,803
Eichstätt-Landershofen,48.8777,11.2349,384,8.2,13.1,3.6,68,732
Einbeck,51.8189,9.8871,123,8.8,13.1,4.6,73,660
Eisleben-Helfta,51.5029,11.5705,146,8.5,12.8,4.3,66,489
Elgersburg,50.7041,10.8576,518,6.7,10.7,3.3,69,730
Ellwangen-Rindelbach,48.9895,10.1312,460,8,13.1,3.4,64,829
Elsdorf/Erftkreis,50.9281,6.5646,85,10,14.3,5.8,64,704
Elsfleth,53.2346,8.4612,1,8.5,12.3,4.7,66,716
Elster. Bad-Sohl,50.2705,12.2742,560,6.6,11.4,2.5,71,764
Emden-Nesserland,53.3449,7.1909,5,8.7,12.1,5.5,68,739
Emmendingen-Mundingen,48.1378,7.8351,201,10.1,15.2,5.4,67,861
Ems. Bad,50.3324,7.6975,90,9.6,14,5.5,72,733
Engelskirchen,50.9884,7.425,144,8.9,13.6,4.5,69,1174
Eningen,48.4734,9.3028,705,6.5,11.4,2.7,66,940
Eppingen,49.1307,8.9165,210,9.6,14,5.5,63,762
Erfde,54.2992,9.3162,18,8.5,12.2,5.1,66,820
Erfurt-Weimar,50.9829,10.9608,316,8.2,12.5,4,67,533
Möhrendorf-Kleinseebach,49.6497,11.0074,268,8.8,13.7,4.4,66,675
Eschenbach/Oberpfalz,49.7522,11.8222,470,7.6,11.9,3.5,65,737
Eschwege,51.2041,10.0138,156,9,13.3,4.7,69,616
Eslohe,51.254,8.1565,351,7.7,12.4,3.2,68,1102
Essen-Bredeney,51.4041,6.9677,150,9.7,13.3,6.3,69,914
Weilerswist-Lommersum,50.7119,6.791,146,9.8,14.1,5.7,67,587
Eutin,54.134,10.5865,50,8.1,11.8,4.7,67,729
Falkenberg.Kr.Rottal-Inn,48.4832,12.724,472,8.6,12.6,4.6,62,820
Feldberg/Schwarzwald,47.8749,8.0038,1490,3.5,6.3,1,70,1774
Fichtelberg/Oberfranken-Hüttstadl,49.9807,11.8376,654,6.1,10.2,2.7,68,1123
Fichtelberg,50.4283,12.9535,1213,3.1,6.2,0.4,74,1126
Flensburg (Schäferhaus),54.7737,9.3752,41,8.1,11.3,4.6,66,778
Birx/Rhön,50.5309,10.048,745,5.6,9.2,2.2,65,939
Frankfurt/Main,50.0259,8.5213,100,9.8,14.2,5.4,67,642
Frankfurt/Main-Westend,50.1269,8.6694,124,11,15,7.3,64,635
Frankfurt/Main (Feldbergstr.),50.1213,8.6601,109,9.8,14.1,6.1,64,631
Frankfurt/Oder,52.3397,14.508,65,8.6,12.7,4.8,67,531
Freiamt-Ottoschwanden,48.2018,7.9336,481,9.7,13.3,6.5,62,1019
Freiberg,50.9263,13.2711,416,7.6,11.3,4.2,61,785
Freiburg,48.0233,7.8344,236,10.4,14.8,6.7,68,912
Freiburg im Breisgau-Herdern,48.013,7.8588,255,10.3,14.6,5.7,66,951
Freiburg/Elbe,53.8277,9.2493,2,8.9,12.6,5.3,66,827
Freudenstadt,48.4537,8.4091,796,6.8,10.7,3.5,67,1575
Friedrichsbrunn,51.6884,11.0394,523,6.6,10.5,2.9,64,708
Friedrichshafen,47.6454,9.4795,394,8.8,12.9,4.9,68,971
Malsburg-Marzell-Friedrichsheim,47.7819,7.7348,852,7,10.8,4,61,1600
Friesoythe-Altenoythe,53.0643,7.9022,6,9,13,5,70,764
Fuchskauten,50.6588,8.1027,653,6.3,9.4,3.4,71,1030
Fürth/Bayern (A),49.4811,10.964,313,8.3,13.3,3.4,65,586
Fulda-Horas,50.5668,9.6533,242,8.1,12.7,3.8,70,647
Gardelegen,52.5129,11.3941,47,8.7,13.1,4.2,68,559
Garmisch-Partenkirchen,47.4831,11.0623,719,6.9,12.7,2.4,67,1316
Geisenheim,49.9859,7.9549,110,9.9,14.4,5.7,67,530
Geldern-Walbeck,51.4942,6.2463,37,10,14,6.2,63,746
Gelnhausen,50.2027,9.1989,190,9.2,13.9,5.2,67,770
Ohlsbach,48.4329,7.9931,176,9.8,14.7,5.8,65,1011
Genthin,52.3875,12.1601,35,9.1,13.4,4.5,66,505
Gera-Leumnitz,50.8813,12.1289,311,8.3,12.6,4.5,69,612
Gernrode,51.7259,11.1317,210,8.9,13,4.5,64,562
Gernsheim,49.7611,8.4876,90,10.2,14.8,6,64,654
Gießen (Lahntal),50.591,8.6551,158,8.6,12.8,4,66,600
Gießen/Wettenberg,50.6017,8.6439,203,9.2,13.4,5,68,624
Gilserberg-Moischeid,50.9656,9.05,340,7.9,12.2,3.6,66,727
Glückstadt,53.797,9.4295,1,8.8,12.5,5.4,66,744
Görlitz,51.1622,14.9506,238,8.4,12.6,4.7,68,681
Gößweinstein,49.7656,11.3061,443,7.5,11.9,3.4,65,873
Göttingen,51.5003,9.9506,167,8.7,13,4.5,70,608
Goldberg,53.606,12.1033,58,8.4,12.1,4.7,68,559
Grainet-Rehberg,48.7893,13.6291,628,7.2,12,3.2,64,1081
Grambek,53.5731,10.6797,27,8.5,12.7,4.4,66,678
Grebenhain-Herchenhain,50.4788,9.262,608,6.6,9.9,3.7,68,1247
Greifswald,54.0967,13.4056,2,8.3,11.9,4.9,65,581
Greifswalder Oie,54.2437,13.9102,12,9.1,11.3,7.1,60,505
Groß Lüsewitz,54.0714,12.3238,34,8.3,12.2,4.5,66,612
Großer Arber,49.113,13.1342,1436,3.4,6.5,0.8,68,1444
Grosser Falkenstein,49.0851,13.2801,1307,3.4,7.1,0.8,67,1301
Grünow,53.3153,13.9338,56,8.9,12.2,4.6,69,452
Gschwend. Kr. Ostalb,48.9354,9.7364,492,8,12.6,3.7,64,1054
Rheda-Wiedenbrück-Lintel,51.8771,8.3577,72,9.1,13.3,5.3,66,758
Halle-Kröllwitz,51.5138,11.9499,93,9,13.3,5.2,59,454
Halle (Stadt),51.4831,11.9671,102,9.2,13.3,5.4,62,482
Olsdorf,49.9445,6.3821,328,8.8,13.3,4.4,69,790
Hamburg-Bergedorf,53.4793,10.2415,35,8.4,12.9,4.7,71,711
Hamburg-Fuhlsbüttel,53.6332,9.9881,11,8.9,12.7,5,69,756
Hamburg-Kirchwerder,53.4213,10.1462,2,9,12.9,5.1,65,679
Hamburg-Neuwiedenthal,53.4777,9.8957,3,9.4,13.1,5.7,68,720
Hamburg-Sankt Pauli,53.5467,9.9662,47,9.4,12.6,6.3,68,752
Hamburg-Wandsbek,53.5853,10.1293,18,9,12.6,5.6,69,790
Hameln,52.0848,9.3896,68,9.3,13.3,5.4,69,720
Hankensbüttel,52.7199,10.5987,108,8.3,12.7,4.3,69,709
Hannover,52.4644,9.6779,55,9.1,13.3,5.1,69,649
Harzgerode,51.652,11.1367,404,6.9,11.2,2.8,66,590
Hausstein,48.8629,13.067,648,7.3,11.4,3.9,61,1406
Hechingen,48.3751,8.9801,522,8.3,13.2,3.7,62,803
Weddingstedt,54.2181,9.0853,10,8.4,12,4.9,66,849
Heidelberg,49.4206,8.6676,110,10.6,14.7,7,65,753
Königstuhl,49.3981,8.7251,561,7.5,10.8,4.6,66,930
Heidenheim/Brenz,48.6765,10.1307,498,7.4,12.2,2.8,67,817
Heidenrod-Mappershain,50.1691,7.9949,496,7.5,11.3,4.4,67,839
Heilbronn,49.1448,9.2333,167,9.9,14.5,5.7,62,721
Heinsberg-Schleiden,51.0411,6.1042,57,10.2,14.3,6.1,68,693
Helgoland,54.175,7.892,4,8.9,10.8,7.1,67,726
Helmstedt,52.2164,11.0219,140,8.7,12.7,4.8,66,612
Helse. Kr. Dithmarschen,53.9701,9.0095,2,8.4,12,5.1,63,795
Herford,52.1264,8.6865,77,9.1,13.4,5.3,69,795
Herleshausen,51.0048,10.1705,215,8,12.4,3.9,70,652
Herrnhut,51.0167,14.75,344,7.7,11.6,4.1,78,700
Niederwörresbach,49.7672,7.3356,302,8.2,13.2,3.5,65,707
Hersfeld. Bad,50.8519,9.7378,272,8.6,13.2,4.2,70,694
Herten,51.589,7.1548,60,10.3,14.3,6.3,71,940
Hiddensee-Vitte,54.575,13.1044,1,8.6,11.9,6.3,63,596
Hildesheim,52.1408,9.8838,117,9,13,5.1,65,673
Hilgenroth,50.7371,7.6528,295,8.7,12.9,4.8,64,994
Hinterhermsdorf,50.9167,14.3667,385,6.8,11,2.8,75,851
Höllenstein (Kraftwerk),49.1279,12.8645,403,6.9,11.8,2.6,65,859
Bertsdorf-Hörnitz,50.899,14.7457,270,8.1,12.9,3.9,70,626
Hof (Stadt),50.323,11.9077,474,7.2,11.5,2.8,70,693
Hof,50.3122,11.8761,565,6.6,10.9,2.9,69,718
Hofgeismar-Beberbeck,51.5337,9.4786,242,7.8,11.9,3.9,71,802
Hofheim,50.1352,10.5156,263,8.5,13.1,3.9,63,640
Hohenpeißenberg,47.8009,11.0108,977,6.3,10.2,3.3,66,1046
Hohn,54.3146,9.539,10,8.3,11.7,4.3,67,780
Hohwacht,54.3194,10.6732,8,8.9,12.1,5.7,60,684
Holzkirchen,47.8823,11.6962,685,7.3,12.4,3.1,65,1304
Bevern. Kr. Holzminden,51.8529,9.4953,110,9,13.4,5,69,766
Homberg/Ohm,50.7316,9.0032,250,8.3,12.8,4.1,69,735
Homburg/Saar,49.3283,7.3561,235,9,13.9,4.6,64,865
Hornisgrinde,48.6136,8.2034,1119,4.7,8.2,2.2,70,1995
Hüll,48.6018,11.6769,438,7.4,12.5,2.3,64,810
Hümmerich,50.5651,7.4843,328,8.8,12.5,5.4,69,792
Husum,54.4752,9.0564,3,8,11.5,4.7,67,788
Ingolstadt (Flussmeisterstelle),48.7662,11.4539,360,8.4,13.3,3.6,63,659
Iserlohn-Westig,51.3768,7.7644,230,8.7,12.7,4.8,63,921
Jena (Sternwarte),50.9251,11.583,155,8.8,13.7,4.5,68,580
Jessen/Elster,51.7954,12.9583,77,9,14.3,5.6,64,537
Jever,53.5322,7.8806,7,8.5,12.3,5.1,66,784
Jork,53.5316,9.6752,1,8.2,12.6,4.4,66,721
Jülich (Forsch.-Anlage),50.9104,6.4093,91,10.1,14.5,6.2,67,700
Jüterbog,52.0006,13.1022,75,8.5,13.2,4.4,60,555
Kahl/Main,50.0643,8.993,107,9.6,14.6,5.2,67,678
Kahler Asten,51.1803,8.4891,839,5.1,8.2,2.5,75,1422
Kaiserslautern,49.4262,7.7557,271,8.9,13.4,4.7,69,681
Kaisheim-Neuhof,48.7701,10.7876,516,7.3,12.1,3.2,65,766
Kall-Sistig,50.5014,6.5264,505,7.6,11.6,4.1,70,812
Kaltennordheim,50.6266,10.1455,487,6.8,10.6,2.9,72,749
Karlshuld,48.6765,11.2961,374,7.6,13.1,2.5,68,683
Karlsruhe,49.0382,8.3641,112,10.2,14.6,6,66,794
Kassel,51.2963,9.4424,231,9.1,13.2,5.4,70,685
Kassel-Harleshausen,51.334,9.4506,198,8.6,12.5,4.8,73,620
Kaufbeuren,47.8652,10.6007,716,7.2,12,2.6,68,1124
Kaufering,48.0916,10.8609,585,8.1,12.5,4.1,68,980
Kempten,47.7233,10.3348,705,7.2,12.5,2.7,66,1238
Kiel-Holtenau,54.3761,10.1433,27,9.3,12.9,5.9,66,733
Kiel-Kronshagen,54.3378,10.0929,17,8.1,11.3,5.2,68,729
Kirchdorf/Poel,53.9995,11.4341,12,8.4,12,5.4,63,547
Kissingen. Bad,50.2241,10.0792,282,8.5,13.4,4.1,68,700
Kitzingen,49.7363,10.1781,188,9.4,14.3,4.9,63,580
Kleiner Feldberg/Taunus,50.2218,8.4469,826,5.6,8.8,3,71,956
Kleve,51.7612,6.0954,46,9.4,13.6,5.6,67,774
Klippeneck,48.1054,8.7549,973,6.4,10.3,3.2,65,857
Knittlingen,49.0265,8.7554,200,9.5,14.4,4.8,64,761
Koblenz-Horchheim,50.3369,7.5992,85,10.6,14.6,6.6,74,630
Köln-Botanischer Garten,50.9615,6.9712,45,10.3,14.1,6.7,67,700
Köln-Bonn,50.8646,7.1575,92,10.1,14.5,5.6,68,797
Königshofen. Bad,50.284,10.4456,288,8.5,13.3,3.6,64,611
Kösching,48.8302,11.4872,416,8.3,12.9,4.4,74,705
Kösen. Bad,51.1329,11.7252,136,8.9,13.7,5,63,549
Köthen (Anhalt),51.7511,12.0094,76,9,13.5,4.8,67,516
Konstanz,47.6774,9.1901,442,9.6,14,6,71,836
Kronach,50.2523,11.3209,312,8.4,12.9,4,74,790
Krumbach-Edenhausen,48.251,10.4163,520,7.6,12.3,3.2,69,918
Künzelsau,49.2795,9.6925,225,8.8,14,4.4,64,853
Kyritz,52.9363,12.4093,40,8.5,13.3,4.6,71,551
Lahr,48.3647,7.828,155,10.5,15.1,6.2,67,853
Merklingen,48.5121,9.7645,685,7,11.3,3,66,944
Landsberg/Lech,48.0349,10.8709,602,7.2,11.4,2.7,66,1027
Landshut,48.5357,12.1132,393,7.8,13,3.1,65,715
Langeoog,53.7445,7.4775,5,8.8,11.2,6.1,69,743
Lauchstädt. Bad,51.3912,11.8785,119,9.2,13.4,5,65,476
Lauda-Königshofen-Gerlachsheim,49.5781,9.7142,199,9,13.9,4.3,65,643
Leck (A),54.775,8.9808,5,7.5,11.2,4.2,68,855
Leck,54.7903,8.9514,7,8.4,11.8,4.7,66,778
Leinefelde,51.3933,10.3123,356,7.9,11.9,4.3,71,682
Leipzig-Holzhausen,51.3151,12.4462,138,9.1,13.1,5.2,66,606
Leipzig/Halle,51.4348,12.2396,131,9.1,13.3,5.1,66,511
Lennestadt-Theten,51.1334,8.0352,286,8.4,13,4.2,70,1031
Lenningen-Schopfloch,48.5396,9.5275,758,7.1,10.7,4,67,1025
Lensahn,54.219,10.8844,14,8.7,12.2,5.2,67,700
Köln-Stammheim,50.9894,6.9777,43,10.5,14.3,6.7,68,715
Liliental,48.0674,7.677,284,8.9,13.8,4.7,63,823
Limburg/Lahn-Offheim,50.4116,8.0605,185,9.4,14.2,5,65,643
Limburgerhof,49.4111,8.398,96,9.8,15,5.4,62,574
Lindenberg,52.2085,14.118,98,8.8,13,4.9,66,556
Lindenfels-Winterkasten,49.7117,8.7804,445,8.4,12,5,65,1117
Lingen,52.5181,7.3081,22,9.2,13.3,5.6,69,751
Lippspringe. Bad,51.7855,8.8388,157,9.2,13.2,5.5,70,912
Lippstadt-Bökenförde,51.6336,8.3945,92,9.9,14.1,5.6,67,780
List auf Sylt,55.011,8.4125,26,8.7,11.1,6.5,67,698
Lobenstein. Bad,50.4505,11.635,500,6.6,12.5,3.3,59,800
Löningen,52.7198,7.7472,22,8.8,13,4.7,74,744
Lohr/Main-Steinbach,50.0103,9.61,161,8.5,14.1,4.5,67,771
Lorch/Rhein,50.0352,7.8197,100,9.3,14.2,4.9,67,602
Ludwigshafen-Mundenheim,49.4606,8.4246,95,10.3,14.6,6.1,60,597
Lübeck,53.8773,10.6915,15,8.3,12,5,67,644
Lübeck-Blankensee,53.8025,10.6988,16,8.7,13.5,4.8,66,656
Lübeck-Werft,53.8953,10.704,5,8.3,12,4.8,63,633
Lüchow,52.9724,11.1374,17,8.9,13.1,4.5,69,539
Lüdenscheid (Zeppelin-Gymnasium),51.2131,7.6359,444,7.8,11.4,4.8,72,1235
Lüdinghausen,51.7694,7.4128,58,9.6,13.8,5.2,68,803
Lüneburg,53.2657,10.424,11,8.6,12.7,4.6,66,620
Magdeburg,52.1029,11.5827,76,9.1,13.4,5,66,505
Mainz-Lerchenberg (ZDF),49.9656,8.2139,195,10.1,14.2,6.2,66,559
Mallersdorf-Pfaffenberg/Niederbayern,48.7726,12.2177,418,8.2,12.8,3.9,66,660
Manderscheid-Sonnenhof,50.1015,6.8009,413,8,12.2,4.1,66,884
Manschnow,52.5468,14.5452,12,9.3,13.5,4.8,66,464
Cölbe. Kr. Marburg-Biedenkopf,50.8492,8.7746,187,8.6,12.8,4.4,66,662
Marienberg,50.651,13.1469,639,6.7,10.7,3.2,72,853
Marienberg. Bad,50.662,7.9602,547,7.1,10.5,4.2,72,1109
Marnitz,53.3223,11.9319,81,8.1,12.3,4.5,69,660
Mayen,50.3249,7.23,230,9.1,13.6,4.8,65,582
Meersburg,47.6985,9.2753,460,8.9,12.8,5.2,66,845
Meiningen,50.5612,10.3771,450,7.7,11.9,3.7,70,660
Garsebach bei Meißen,51.1294,13.4327,157,8.8,13.2,4.8,60,629
Memmingen,47.982,10.1384,615,7.7,12.3,3.6,67,974
Mergentheim. Bad-Neunkirchen,49.4773,9.7622,250,8.9,13.8,4.5,67,672
Metten,48.8548,12.9187,313,8,13.1,3.4,69,936
Mittenwald-Buckelwiesen,47.4779,11.2653,981,6.8,12.2,2.5,63,1381
Modautal-Neunkirchen,49.7328,8.7771,508,7.8,10.7,4.9,66,953
Montabaur,50.4383,7.8061,265,8.6,13.2,4,68,797
Mühldorf,48.2791,12.5024,406,8.2,13.2,3.6,68,865
Müncheberg,52.5176,14.1232,63,8.7,13.1,4.6,69,543
München-Stadt,48.1631,11.5429,515,9.5,13.6,5.5,65,955
München-Bogenhausen,48.1441,11.6,521,7.4,12.3,4.2,66,830
München-Botanischer Garten,48.1635,11.5019,515,8,12.7,3.9,65,920
München-Nymphenburg,48.166,11.5011,515,8,12.6,3.7,65,930
München-Riem,48.1369,11.7094,529,7.7,12.5,3.3,66,941
Münsingen-Apfelstetten,48.3851,9.4837,750,6.6,11.2,2.3,65,895
Münster,51.9494,7.5906,62,9.2,13.3,5.4,66,740
Murrhardt,48.9729,9.5708,344,8.4,13.6,3.8,67,1079
Muskau. Bad,51.566,14.7009,125,8.6,13.3,4.1,64,642
Nagold,48.5667,8.7184,380,8,13.8,3.1,68,789
Nauheim. Bad,50.3574,8.7506,148,9.2,13.5,5.1,64,589
Neubrandenburg,53.5468,13.1914,81,8.1,12,4.7,67,500
Neudenau,49.2931,9.2722,212,9.7,14.5,5.4,59,786
Neuenahr. Bad-Ahrweiler,50.5346,7.0853,111,9.9,14.8,5.3,65,650
Neuhaus am Rennweg,50.5002,11.1344,845,5.5,9.2,2.4,72,1166
Neukirchen-Hauptschwenda,50.8923,9.405,500,6.9,10.6,3.4,68,801
Neumünster,54.0873,9.9791,26,8.3,12.3,4.6,66,779
Neunkirchen-Seelscheid-Meisenbach,50.8956,7.3081,185,8.9,12.9,5.3,67,950
Neunkirchen-Wellesweiler,49.3436,7.2295,236,9.6,14.4,5,63,848
Neuruppin,52.9037,12.8072,38,8.7,13,5.2,65,533
Neustadt/Aisch,49.5728,10.6001,315,8.3,13,4,68,669
Neustadt/Weinstraße,49.357,8.1405,163,10.1,14.6,5.9,66,641
Neustrelitz,53.3585,13.0502,64,8,12.2,3.9,68,605
Nidderau-Windecken,50.2335,8.8923,180,9.8,14,5.8,68,655
Niederelbert,50.4107,7.808,250,8.6,13.4,4.3,67,951
Niederstotzingen,48.5334,10.243,451,7.5,12.3,2.8,67,701
Nienburg,52.6711,9.2229,25,9.2,13.3,5.2,66,689
Reimlingen,48.8254,10.5066,435,8.3,12.9,3.9,67,638
Norderney,53.7123,7.1519,11,9.1,11.5,6.8,67,720
Nordhorn-Blanke,52.4124,7.064,24,9.5,13.7,5.7,66,789
Nürburg,50.3391,6.9501,627,6.7,10.1,3.8,69,841
Nürnberg-Buchenbuehl,49.5008,11.107,335,8.4,12.9,4,67,662
Nürnberg-Netzstall,49.4258,11.2538,368,8.7,13.6,3.8,64,742
Nürnberg,49.503,11.0549,314,8.9,13.3,4.1,67,627
Nürtingen,48.6321,9.3261,280,8.7,14,3.8,68,789
Kiefersfelden-Gach,47.6187,12.1666,518,7.8,13.2,3.5,65,1345
Oberschleißheim,48.2443,11.5528,484,7.7,13.2,3.2,66,876
Oberstdorf,47.3986,10.276,806,6.1,12.1,1.2,65,1740
Oberviechtach,49.4521,12.4366,596,7.2,11.5,3.2,66,788
Öhringen,49.207,9.5175,276,9.5,14.2,5.3,64,805
Offenbach/M. (Stadt),50.0946,8.7546,110,9.9,14,6,67,623
Offenburg,48.4593,7.9255,153,10.4,14.9,6.4,68,892
Oldenburg (A),53.1018,8.2516,5,8.6,12.6,4.8,70,729
Oschatz,51.296,13.0928,150,9,13.8,5.1,64,582
Osnabrück,52.2553,8.0534,95,9.4,13.2,5.8,69,826
Osterfeld,51.0873,11.9292,246,8.5,12.2,4.8,72,446
Ostheim v.d. Rhön,50.4538,10.2211,312,8.3,13,3.7,67,605
Oy-Mittelberg,47.6383,10.4313,1010,6.6,10.3,3.1,63,1610
Parsberg/Oberpfalz-Eglwang,49.151,11.6896,549,7.7,11.9,3.9,62,795
Passau-Oberhaus,48.5779,13.4694,409,8.1,12.8,4,67,928
Perl-Besch,49.5114,6.3857,175,9.9,14.6,5.4,63,736
Perl-Nennig,49.5356,6.3804,152,9.9,14.5,5.2,65,702
Pforzheim-Eutingen,48.9059,8.7412,246,9,14,4.6,63,783
Pfullendorf,47.9344,9.2869,630,7.2,11.8,3,68,840
Philippsburg,49.2511,8.4415,100,10.2,14.7,5.9,64,743
Pirmasens,49.1912,7.5879,385,8.6,13,4.5,65,867
Plauen,50.4819,12.13,386,8,12.3,3.8,67,611
Plön (See),54.159,10.402,24,8.2,11.6,5.2,67,683
Pommelsbrunn,49.5058,11.5142,368,7.6,12.6,3.6,65,933
Potsdam,52.3813,13.0622,81,8.8,13.3,4.9,67,587
Puch,48.1877,11.2206,550,7.8,12.3,4.2,70,930
Putbus,54.3643,13.4771,40,7.8,10.9,4.9,70,595
Quedlinburg,51.7954,11.1319,142,8.9,13,4.5,67,479
Quickborn (Kurzer Kamp),53.7276,9.9071,27,8.3,12.3,4.2,66,773
Quickborn,53.7331,9.8776,13,8.3,12.3,4,68,694
Radolfzell-Markelfingen,47.7458,9.0007,407,9.2,13.6,5.2,69,796
Rahden-Kleinendorf,52.4461,8.5906,40,9.3,13.5,5.3,67,677
Rastenberg,51.1765,11.4183,200,8.6,13.3,4.4,64,583
Rauschberg bei Ruhpolding,47.7327,12.6827,1640,3.7,7.4,0.8,63,1897
Weingarten. Kr. Ravensburg,47.8062,9.6206,440,8.6,13.4,4.4,67,947
Regensburg,49.0424,12.1021,365,8.3,12.9,4.1,67,619
Reichenhall. Bad,47.7238,12.874,470,8.3,13.5,4,65,1558
Marienberg-Reitzenhain,50.5602,13.2222,764,4.6,8.6,0.6,69,888
Rheinau-Memprechtshofen,48.6703,7.9939,131,10,15,5.6,68,890
Rheinfelden,47.559,7.7721,282,10.4,15.1,6.3,66,992
Rheinstetten,48.9726,8.3301,116,9.9,14.5,5.3,72,789
Rodewisch,50.5263,12.4091,464,7.4,11.7,3.5,71,786
Roetgen,50.6407,6.2058,440,7.8,11.5,4.4,67,1076
Rosenheim,47.8754,12.128,444,8.6,13.7,4.2,66,1093
Rostock-Warnemünde,54.1803,12.0808,4,8.7,11.9,5.9,69,592
Rotenburg (Wümme),53.1288,9.3398,32,8.8,12.9,4.9,67,752
Roth bei Nürnberg,49.2511,11.0934,340,8.4,13.4,3.7,62,703
Rothenburg ob der Tauber,49.3848,10.1732,415,8.5,13,4.4,66,680
Rothenfelde. Bad,52.1039,8.1809,95,9,12.8,5,62,833
Rottweil,48.1814,8.6356,588,7.6,12.8,3,68,794
Kreuznach. Bad,49.8502,7.871,102,9.8,14.3,5.5,66,520
Ruppertsecken,49.6467,7.8835,461,8.8,12.4,5.6,61,663
Saarbrücken-Ensheim,49.2128,7.1077,320,9.3,13.2,5.4,67,844
Saarbrücken-Sankt Johann,49.2231,7.0168,193,10.3,14.3,5.8,67,800
Saldenburg-Entschenreuth,48.7832,13.3146,456,7.9,12.9,3.4,68,1081
Salzgitter-Ringelheim,52.0355,10.3054,138,8.9,13,5,69,692
Salzuflen. Bad,52.1042,8.7521,135,9.3,13.3,5.6,70,799
Salzwedel,52.8568,11.143,23,8,12.8,4.2,68,552
Sandberg,50.3519,10.0032,510,8,11.5,4.9,68,947
Sankt Peter-Ording,54.3279,8.603,5,8.8,11.7,5.9,69,808
Sassendorf. Bad-Ostinghausen,51.6334,8.1872,81,9,13.3,4.9,68,741
Schaafheim-Schlierbach,49.9195,8.9671,155,9.9,14.5,5.4,65,631
Schallstadt-Mengen,47.9556,7.7134,212,10.2,15.2,5.9,68,754
Wernigerode-Schierke,51.7658,10.6533,609,5.7,10,1.7,73,1257
Schleiz,50.5679,11.8041,501,7.7,11.6,4,74,585
Schleswig,54.5275,9.5486,42,8.4,11.8,5.1,69,893
Schleswig-Stadtfeld,54.5227,9.5649,19,7.9,11.3,4.7,71,828
Schlossböckelheim,49.7961,7.7583,170,9.2,13.9,4.9,64,556
Schlüchtern-Kloster Gomfritz,50.3849,9.5358,375,7.6,11.5,3.6,72,936
Schlüchtern-Herolz,50.3447,9.5534,230,9.1,14,4.5,66,821
Schmatzfeld,51.8833,10.7667,198,8.3,12.7,4.4,0,567
Schmelz-Hüttersdorf,49.422,6.8396,223,9.2,13.9,4.8,64,1047
Schmücke,50.6546,10.7693,937,4.6,7.9,1.8,74,1294
Schnarrtanne-Vogelsgrün,50.5,12.45,708,5.6,9.6,2.1,65,887
Schneifelforsthaus,50.2968,6.4194,649,6.4,10.2,3.2,67,1110
Schopfheim-Eichen,47.6463,7.8439,400,8.8,14.1,4.7,63,1248
Schotten,50.4925,9.1226,265,8.6,12.6,4.9,68,909
Schwäbisch Gmünd-Strassdorf,48.7768,9.8025,415,8.7,14,4.7,62,965
Schwandorf,49.3278,12.0871,356,8.3,13.2,3.8,66,671
Schwarzenberg,50.5513,12.7678,418,6.8,11.3,1.8,66,828
Schweinfurt-Gartenstadt,50.0575,10.216,240,9,13.7,4.9,65,600
Schwerin,53.6425,11.3872,59,8.4,12.2,4.9,67,606
Seehausen,52.8911,11.7297,21,9,13.5,4.7,68,550
Seesen,51.904,10.1885,186,8.5,12.4,4.7,69,830
Segeberg. Bad,53.9278,10.2993,49,7.9,11.4,4.1,67,728
Selb/Oberfranken-Wildenau,50.1969,12.1727,611,6.2,10.6,1.7,67,724
Siegen (Kläranlage),50.8534,7.9966,229,8.5,13.1,4.3,70,1080
Sigmaringen-Laiz,48.0719,9.1942,580,7.2,12.3,2.8,66,767
Simbach/Inn,48.2719,13.0273,360,9,13.6,4.7,65,912
Simmern-Wahlbach,49.9996,7.5981,445,8.4,12.2,4.6,66,664
Solingen-Hohenscheid,51.14,7.093,154,9.1,12.8,5.9,70,1085
Soltau,52.9604,9.7931,76,8.6,12.9,4.5,69,772
Sondershausen,51.352,10.9059,216,8.3,12.9,4.1,63,562
Sonneberg-Neufang,50.3746,11.1828,626,6.3,10,3.5,73,941
Sontra,51.0607,9.9266,265,8.1,12.5,3.3,72,680
Sooden-Allendorf. Bad,51.2801,9.9849,199,8.9,13.1,4.5,72,645
Stammbach-Querenbach,50.1531,11.7403,598,6.6,11.2,2.4,68,1017
Oberharz am Brocken-Stiege,51.6681,10.8823,494,6.6,10.9,2.4,70,822
Stötten,48.6657,9.8646,734,7.2,10.9,4.1,68,1058
Wagersrott,54.6654,9.805,40,8.2,11.6,4.9,69,750
Straubing,48.8275,12.5598,350,8.4,13.2,3.9,66,700
Stuttgart (Neckartal),48.7896,9.2167,224,11,15.4,7,61,641
Stuttgart-Stadt,48.7693,9.1814,286,9.9,14.1,6.2,65,658
Stuttgart (Schnarrenberg),48.8282,9.2,314,10,14.2,6.1,66,647
Stuttgart-Echterdingen,48.6883,9.2235,371,8.9,13.3,4.6,66,705
Stuttgart-Hohenheim,48.7091,9.2147,401,8.5,12.9,4.5,63,676
Tann/Rhön,50.639,10.0228,395,8.3,12.6,4.1,69,770
Teterow,53.761,12.5574,38,8.3,12.3,4.7,65,535
Worpswede-Hüttenbusch,53.2758,8.9857,7,8.8,12.9,4.6,69,744
Teuschnitz,50.4002,11.3889,633,6.6,10.6,2.7,68,972
Tholey,49.4738,7.0386,386,8.5,12.8,5.3,66,955
Tirschenreuth-Lodermühl,49.8576,12.3542,500,7.2,11.6,3.1,73,692
Titisee-Neustadt-Langenordnach,47.9394,8.1933,870,6,11.5,1,65,1233
Tönisvorst,51.2897,6.4437,37,9.9,14.3,6.2,64,772
Torfhaus im Solling,51.7643,9.5628,491,6.3,9.9,3,66,1096
Torgau,51.5833,13,80,8.9,13,4.8,66,536
Traunstein-Sparz,47.8663,12.6566,626,7.4,12.2,3.3,63,1517
Traunstein-Axdorf,47.8516,12.6182,635,8,12.6,4.3,64,1431
Travemünde,53.9619,10.8892,2,8.5,11.8,5.4,65,629
Tribsees,54.0661,12.7675,10,8.6,13,4.6,56,614
Trier-Zewen,49.7326,6.6131,132,9.8,14.4,5.6,67,733
Trier-Petrisberg,49.7479,6.6582,265,9.5,13.9,5.6,69,741
Trochtelfingen,48.3132,9.2472,700,5.7,11.5,0.3,71,788
Trostberg,48.0311,12.5396,559,8.2,13,3.7,65,1047
Tübingen,48.5198,9.0515,370,8.5,13.5,3.9,68,0
Überlingen/Bodensee,47.7713,9.1562,446,8.9,13.2,5,66,857
Ueckermünde,53.7444,14.0697,1,8.3,12.2,4.7,66,547
Uelzen,52.9414,10.5289,50,8.5,12.6,4.4,65,624
Gollhofen,49.5741,10.1916,308,8.7,13.1,4.3,65,642
Ulm,48.3837,9.9524,567,8.1,12.4,3.9,69,727
Unterlüß,52.8499,10.2898,95,8.4,12.9,4.1,70,780
Uttenreuth,49.5933,11.0704,291,8.6,13.8,3.5,64,750
Villingen-Schwenningen,48.0453,8.4608,720,6.6,11.9,1.7,66,865
Visbek,52.8318,8.3112,51,8.7,12.3,5,70,779
Vogtsburg-Oberrotweil,48.0908,7.6353,223,10.2,14.8,6,64,697
Waghäusel-Kirrlach,49.2445,8.5374,105,11,15.6,6.6,59,671
Wahlsburg-Lippoldsberg,51.6184,9.5761,176,9,13.2,5.1,69,795
Wittenborn,53.9223,10.2268,35,9,13,5.2,69,856
Wahnsdorf bei Dresden,51.1197,13.6744,246,8.5,12.4,5,68,637
Waldeck,51.207,9.0658,376,7.8,11.4,4.2,75,616
Waldems-Reinborn,50.2596,8.3607,380,8.5,12.3,4.9,66,738
Waldhäuser (National Park),48.9293,13.4641,940,5.7,9.7,2.6,64,1333
Waldshut,47.6172,8.2388,330,9.1,14.1,4.9,66,1094
Waltershausen,50.8963,10.5484,348,7.8,12.7,4.4,65,714
Wangerooge,53.7852,7.8533,4,9.1,11.7,6.7,67,780
Waren (Müritz),53.5196,12.6654,73,8.1,12.1,4.6,69,582
Wartenberg-Angersbach,50.6271,9.442,270,8.2,13,3.7,72,686
Wasserburg,48.0572,12.2202,443,7.9,13.2,3.6,67,1083
Wasserkuppe,50.4973,9.9428,921,5.1,8.4,2.4,72,1092
Weiden,49.6663,12.1845,440,7.7,12.4,3.5,66,684
Weidenbach. Kr.Ansbach,49.1965,10.6487,425,7.5,12.4,3.3,61,669
Weilburg (Kläranlage),50.4732,8.2588,150,8.6,13.2,4.2,70,737
Weimar,50.9751,11.3076,264,8.5,13.2,4.5,67,550
Weinbiet,49.3758,8.1213,553,8.3,12,5.3,66,594
Weinsberg,49.1512,9.292,219,9.4,14.2,5.2,68,735
Weiskirchen/Saar,49.5534,6.812,380,9.1,12.9,5.5,67,1206
Weismain,50.0858,11.2364,317,7.5,12.6,2.8,67,755
Weißenburg-Emetzheim,49.0116,10.9308,439,8.2,12.8,3.9,67,663
Weißenfels,51.2002,11.9154,109,9.6,14.2,5.9,64,492
Wendelstein,47.7035,12.0119,1832,2.5,5.7,0,67,1871
Mühlhausen. Kr. Schweinfurt,49.9622,10.0482,216,8,12.9,3.4,66,567
Wernigerode,51.8454,10.7686,234,8.8,12.7,4.6,71,561
Wertheim-Eichel,49.7667,9.5428,140,9.1,14,4.9,63,683
Westerland,54.8991,8.3123,3,8.2,10.8,5.6,69,714
Fehmarn,54.5284,11.0605,3,8.7,11.4,6.1,65,553
Wiesbaden-Dotzheim,50.0863,8.1872,235,8.4,12.7,4.8,65,695
Wiesenburg,52.1207,12.4585,187,9.2,12.6,5.1,71,594
Wildbad. Bad-Calmbach,48.7848,8.5764,385,8,13.3,3.8,63,1238
Wildungen. Bad,51.1056,9.1081,310,8.1,12,4.2,75,631
Wilhelmshaven,53.5901,8.106,1,8.5,11.7,5.6,65,748
Wittenberg,51.8892,12.6445,105,9,13.6,5.2,68,572
Wittstock-Rote Mühle,53.1864,12.4949,66,8.7,13.4,4.6,58,577
Witzenhausen,51.3493,9.8438,133,8.7,13.2,4.5,70,659
Wörnitz-Bottenweiler,49.2178,10.2296,464,7.9,12.5,3.5,64,824
Wolfach,48.2953,8.2391,291,9.7,15,5.5,67,1277
Wolfsburg (Südwest),52.3962,10.6892,82,9.8,14,5.9,65,660
Worms,49.6051,8.3659,88,10.3,14.6,6.2,66,558
Würzburg (Klärwerk),49.7964,9.8949,170,9.3,13.7,4.9,68,580
Würzburg,49.7703,9.9577,268,9.4,13.9,5.3,66,592
Würzburg (Physikalisches-Institut),49.7995,9.928,175,8.8,13.6,4.7,66,576
Wuppertal-Buchenhofen,51.2248,7.1053,130,9.5,13.5,5.8,68,1116
Wutöschingen-Ofteringen,47.6783,8.3801,398,8.8,14.1,4.4,67,998
Wrixum/Föhr,54.6928,8.5271,8,8.5,11.4,5.8,67,732
Zehdenick,52.9664,13.3268,51,8.6,13.1,4.4,65,543
Zeitz,51.0314,12.1495,170,9.2,13.3,5.4,65,582
Zerbst,51.9642,12.0996,69,8.5,13.1,4.1,64,529
Zinnwald-Georgenfeld,50.7314,13.7516,877,4.9,8.1,2.1,72,1000
Zugspitze,47.4209,10.9847,2964,0,0,0,67,1775
Lichtentanne,50.6878,12.4329,353,8.3,12.9,4.4,67,707
Zwieselberg,49.0007,13.2137,615,6.4,11.9,1.5,65,1023
Berge,52.6198,12.7867,40,9.1,13.8,5.4,64,514
Kirchheim/Teck-Ötlingen,48.6582,9.4203,289,8.7,13.9,3.7,62,763
Kohlgrub. Bad (A),47.6777,11.0473,850,6.8,10.7,2.9,63,1481
Mannheim,49.509,8.5541,96,10.4,14.7,6.2,66,601
Melsungen-Bürstoß,51.1318,9.5189,254,8.5,13,4.3,73,695
Neuwied,50.4485,7.4275,91,9.6,14.1,5.3,65,708
Reit im Winkl,47.6754,12.4698,685,6.4,12.1,1.4,61,1727
Dörpen,52.9542,7.3196,8,9.3,13.2,5.5,68,786
Nossen,51.0507,13.3003,308,8.5,12.7,4.5,57,657
Aulendorf-Haslach,47.9655,9.6804,565,7.8,12.3,3.7,70,875
Neuglobsow (HM),53.1424,13.0319,62,8.2,12.4,4.4,68,567
Hersdorf-Weißenseifen,50.1505,6.5526,530,7.3,11.1,4,73,997
Hamburg (Deutsche Seewarte),53.5467,9.9716,29,8.6,11.8,5.7,69,734